rank,alpha,sharpe,turnover,max_drawdown,ic,rank_ic,mean_return,volatility,n_obs
1,"ts_rank(log(ts_rank(vwap, 5)), 5)",1.8148,0.9654,-0.0782,0.0294,0.0338,0.000816,0.007136,251
2,"ts_rank(ts_rank(ts_delta(open, 20), 20), 5)",1.5648,0.7447,-0.0996,0.0435,0.0353,0.000621,0.006299,251
3,"rank(inverse(ts_rank(low, 60)))",0.9081,0.2884,-0.0585,0.0307,0.0239,0.00036,0.006285,251
4,"ts_rank(ts_delta(volume, 10), 20)",-0.5143,0.9245,-0.1104,-0.0176,-0.0235,-0.000214,0.006616,251
5,"rank(multiply(vwap, rank(open, 2)))",-2.1091,0.0303,-0.2458,-0.0444,-0.0456,-0.000852,0.006409,251
6,rank(abs(high)),-2.1488,0.0245,-0.2477,-0.0427,-0.0448,-0.000868,0.006411,251
